Source,Target,Page name
1,2,History of the Industrial Workers of the World
2,3,History of the Industrial Workers of the World
3,4,History of the Industrial Workers of the World
4,5,History of the Industrial Workers of the World
5,6,History of the Industrial Workers of the World
6,7,History of the Industrial Workers of the World
7,8,History of the Industrial Workers of the World
8,9,History of the Industrial Workers of the World
9,10,History of the Industrial Workers of the World
10,11,History of the Industrial Workers of the World
11,12,History of the Industrial Workers of the World
12,13,History of the Industrial Workers of the World
13,14,History of the Industrial Workers of the World
14,15,History of the Industrial Workers of the World
15,16,History of the Industrial Workers of the World
16,17,History of the Industrial Workers of the World
17,18,History of the Industrial Workers of the World
18,19,History of the Industrial Workers of the World
19,20,History of the Industrial Workers of the World
21,22,History of Alcoholics Anonymous
22,23,History of Alcoholics Anonymous
23,24,History of Alcoholics Anonymous
24,25,History of Alcoholics Anonymous
25,26,History of Alcoholics Anonymous
26,27,History of Alcoholics Anonymous
27,28,History of Alcoholics Anonymous
28,29,History of Alcoholics Anonymous
29,30,History of Alcoholics Anonymous
30,31,History of Alcoholics Anonymous
31,32,History of Alcoholics Anonymous
32,33,History of Alcoholics Anonymous
33,34,History of Alcoholics Anonymous
34,35,History of Alcoholics Anonymous
35,36,History of Alcoholics Anonymous
36,37,History of Alcoholics Anonymous
37,38,History of Alcoholics Anonymous
38,39,History of Alcoholics Anonymous
39,40,History of Alcoholics Anonymous
41,42,History of the United States Army National Guard
42,43,History of the United States Army National Guard
43,44,History of the United States Army National Guard
44,45,History of the United States Army National Guard
45,46,History of the United States Army National Guard
46,47,History of the United States Army National Guard
47,48,History of the United States Army National Guard
48,49,History of the United States Army National Guard
49,50,History of the United States Army National Guard
50,51,History of the United States Army National Guard
51,16,History of the United States Army National Guard
16,53,History of the United States Army National Guard
53,54,History of the United States Army National Guard
54,55,History of the United States Army National Guard
55,56,History of the United States Army National Guard
56,57,History of the United States Army National Guard
57,58,History of the United States Army National Guard
58,59,History of the United States Army National Guard
59,60,History of the United States Army National Guard
61,62,The Art Institute of Seattle
62,63,The Art Institute of Seattle
63,64,The Art Institute of Seattle
64,65,The Art Institute of Seattle
65,66,The Art Institute of Seattle
66,67,The Art Institute of Seattle
67,68,The Art Institute of Seattle
68,69,The Art Institute of Seattle
69,70,The Art Institute of Seattle
70,71,The Art Institute of Seattle
71,72,The Art Institute of Seattle
72,73,The Art Institute of Seattle
73,74,The Art Institute of Seattle
74,75,The Art Institute of Seattle
75,76,The Art Institute of Seattle
76,77,The Art Institute of Seattle
77,78,The Art Institute of Seattle
78,79,The Art Institute of Seattle
79,80,The Art Institute of Seattle
81,82,History of the Boy Scouts of America
82,83,History of the Boy Scouts of America
83,84,History of the Boy Scouts of America
84,85,History of the Boy Scouts of America
85,86,History of the Boy Scouts of America
86,87,History of the Boy Scouts of America
87,88,History of the Boy Scouts of America
88,89,History of the Boy Scouts of America
89,90,History of the Boy Scouts of America
90,91,History of the Boy Scouts of America
91,92,History of the Boy Scouts of America
92,93,History of the Boy Scouts of America
93,94,History of the Boy Scouts of America
94,95,History of the Boy Scouts of America
95,96,History of the Boy Scouts of America
96,97,History of the Boy Scouts of America
97,98,History of the Boy Scouts of America
98,99,History of the Boy Scouts of America
99,100,History of the Boy Scouts of America
101,102,History of the Communist Party USA
102,103,History of the Communist Party USA
103,104,History of the Communist Party USA
104,105,History of the Communist Party USA
105,106,History of the Communist Party USA
106,107,History of the Communist Party USA
107,108,History of the Communist Party USA
108,109,History of the Communist Party USA
109,110,History of the Communist Party USA
110,49,History of the Communist Party USA
49,16,History of the Communist Party USA
16,12,History of the Communist Party USA
12,114,History of the Communist Party USA
114,115,History of the Communist Party USA
115,116,History of the Communist Party USA
116,117,History of the Communist Party USA
117,118,History of the Communist Party USA
118,119,History of the Communist Party USA
119,120,History of the Communist Party USA
121,122,History of the Democratic Party (United States)
122,123,History of the Democratic Party (United States)
123,124,History of the Democratic Party (United States)
124,90,History of the Democratic Party (United States)
90,126,History of the Democratic Party (United States)
126,127,History of the Democratic Party (United States)
127,128,History of the Democratic Party (United States)
128,107,History of the Democratic Party (United States)
107,130,History of the Democratic Party (United States)
130,131,History of the Democratic Party (United States)
131,132,History of the Democratic Party (United States)
132,133,History of the Democratic Party (United States)
133,134,History of the Democratic Party (United States)
134,135,History of the Democratic Party (United States)
135,69,History of the Democratic Party (United States)
69,137,History of the Democratic Party (United States)
137,138,History of the Democratic Party (United States)
138,139,History of the Democratic Party (United States)
139,140,History of the Democratic Party (United States)
16,50,History of the Food and Drug Administration
50,143,History of the Food and Drug Administration
143,144,History of the Food and Drug Administration
144,108,History of the Food and Drug Administration
108,146,History of the Food and Drug Administration
146,147,History of the Food and Drug Administration
147,148,History of the Food and Drug Administration
148,149,History of the Food and Drug Administration
149,69,History of the Food and Drug Administration
69,151,History of the Food and Drug Administration
151,49,History of the Food and Drug Administration
49,153,History of the Food and Drug Administration
153,154,History of the Food and Drug Administration
154,155,History of the Food and Drug Administration
155,156,History of the Food and Drug Administration
156,157,History of the Food and Drug Administration
157,158,History of the Food and Drug Administration
158,159,History of the Food and Drug Administration
159,160,History of the Food and Drug Administration
161,162,History of the United States Forest Service
162,163,History of the United States Forest Service
163,164,History of the United States Forest Service
164,90,History of the United States Forest Service
90,166,History of the United States Forest Service
166,167,History of the United States Forest Service
167,168,History of the United States Forest Service
168,169,History of the United States Forest Service
169,170,History of the United States Forest Service
170,171,History of the United States Forest Service
171,172,History of the United States Forest Service
172,173,History of the United States Forest Service
173,50,History of the United States Forest Service
50,175,History of the United States Forest Service
175,176,History of the United States Forest Service
176,177,History of the United States Forest Service
177,178,History of the United States Forest Service
178,179,History of the United States Forest Service
179,117,History of the United States Forest Service
181,182,History of the Green Party of the United States
182,183,History of the Green Party of the United States
183,77,History of the Green Party of the United States
77,185,History of the Green Party of the United States
185,186,History of the Green Party of the United States
186,187,History of the Green Party of the United States
187,188,History of the Green Party of the United States
188,189,History of the Green Party of the United States
189,190,History of the Green Party of the United States
190,191,History of the Green Party of the United States
191,192,History of the Green Party of the United States
192,16,History of the Green Party of the United States
16,194,History of the Green Party of the United States
194,195,History of the Green Party of the United States
195,196,History of the Green Party of the United States
196,90,History of the Green Party of the United States
90,198,History of the Green Party of the United States
198,199,History of the Green Party of the United States
199,200,History of the Green Party of the United States
201,202,History of the 101st Airborne Division
202,77,History of the 101st Airborne Division
77,44,History of the 101st Airborne Division
44,205,History of the 101st Airborne Division
205,50,History of the 101st Airborne Division
50,16,History of the 101st Airborne Division
16,208,History of the 101st Airborne Division
208,209,History of the 101st Airborne Division
209,210,History of the 101st Airborne Division
210,45,History of the 101st Airborne Division
45,54,History of the 101st Airborne Division
54,213,History of the 101st Airborne Division
213,214,History of the 101st Airborne Division
214,215,History of the 101st Airborne Division
215,216,History of the 101st Airborne Division
216,217,History of the 101st Airborne Division
217,218,History of the 101st Airborne Division
218,219,History of the 101st Airborne Division
219,220,History of the 101st Airborne Division
221,222,History of the Houston Police Department
222,223,History of the Houston Police Department
223,16,History of the Houston Police Department
16,225,History of the Houston Police Department
225,226,History of the Houston Police Department
226,54,History of the Houston Police Department
54,71,History of the Houston Police Department
71,229,History of the Houston Police Department
229,230,History of the Houston Police Department
230,231,History of the Houston Police Department
231,232,History of the Houston Police Department
232,233,History of the Houston Police Department
233,13,History of the Houston Police Department
13,235,History of the Houston Police Department
235,236,History of the Houston Police Department
236,237,History of the Houston Police Department
237,238,History of the Houston Police Department
238,148,History of the Houston Police Department
148,240,History of the Houston Police Department
241,242,History of the Libertarian Party (United States)
242,243,History of the Libertarian Party (United States)
243,244,History of the Libertarian Party (United States)
244,69,History of the Libertarian Party (United States)
69,246,History of the Libertarian Party (United States)
246,247,History of the Libertarian Party (United States)
247,108,History of the Libertarian Party (United States)
108,249,History of the Libertarian Party (United States)
249,250,History of the Libertarian Party (United States)
250,251,History of the Libertarian Party (United States)
251,252,History of the Libertarian Party (United States)
252,253,History of the Libertarian Party (United States)
253,16,History of the Libertarian Party (United States)
16,255,History of the Libertarian Party (United States)
255,256,History of the Libertarian Party (United States)
256,257,History of the Libertarian Party (United States)
257,258,History of the Libertarian Party (United States)
258,90,History of the Libertarian Party (United States)
90,260,History of the Libertarian Party (United States)
261,262,History of the Los Angeles Police Department
262,263,History of the Los Angeles Police Department
263,264,History of the Los Angeles Police Department
264,265,History of the Los Angeles Police Department
265,266,History of the Los Angeles Police Department
266,71,History of the Los Angeles Police Department
71,215,History of the Los Angeles Police Department
215,269,History of the Los Angeles Police Department
269,270,History of the Los Angeles Police Department
270,271,History of the Los Angeles Police Department
271,272,History of the Los Angeles Police Department
272,273,History of the Los Angeles Police Department
273,274,History of the Los Angeles Police Department
274,275,History of the Los Angeles Police Department
275,276,History of the Los Angeles Police Department
276,277,History of the Los Angeles Police Department
277,278,History of the Los Angeles Police Department
278,279,History of the Los Angeles Police Department
279,280,History of the Los Angeles Police Department
281,282,History of the MBTA
282,283,History of the MBTA
283,284,History of the MBTA
284,285,History of the MBTA
285,286,History of the MBTA
286,30,History of the MBTA
30,288,History of the MBTA
288,289,History of the MBTA
289,290,History of the MBTA
290,16,History of the MBTA
16,292,History of the MBTA
292,50,History of the MBTA
50,294,History of the MBTA
294,108,History of the MBTA
108,296,History of the MBTA
296,297,History of the MBTA
297,298,History of the MBTA
298,299,History of the MBTA
299,44,History of the MBTA
301,302,History of the National Park Service
302,303,History of the National Park Service
303,304,History of the National Park Service
304,305,History of the National Park Service
305,306,History of the National Park Service
306,307,History of the National Park Service
307,308,History of the National Park Service
308,309,History of the National Park Service
309,114,History of the National Park Service
114,311,History of the National Park Service
311,312,History of the National Park Service
312,313,History of the National Park Service
313,314,History of the National Park Service
314,315,History of the National Park Service
315,173,History of the National Park Service
173,317,History of the National Park Service
317,318,History of the National Park Service
318,90,History of the National Park Service
90,320,History of the National Park Service
321,322,History of the National Register of Historic Places
322,323,History of the National Register of Historic Places
323,324,History of the National Register of Historic Places
324,108,History of the National Register of Historic Places
108,326,History of the National Register of Historic Places
326,327,History of the National Register of Historic Places
327,71,History of the National Register of Historic Places
71,329,History of the National Register of Historic Places
329,330,History of the National Register of Historic Places
330,331,History of the National Register of Historic Places
331,332,History of the National Register of Historic Places
332,333,History of the National Register of Historic Places
333,334,History of the National Register of Historic Places
334,335,History of the National Register of Historic Places
335,49,History of the National Register of Historic Places
49,337,History of the National Register of Historic Places
337,338,History of the National Register of Historic Places
338,339,History of the National Register of Historic Places
339,340,History of the National Register of Historic Places
341,342,History of the New York City Bar Association
342,108,History of the New York City Bar Association
108,306,History of the New York City Bar Association
306,345,History of the New York City Bar Association
345,346,History of the New York City Bar Association
346,347,History of the New York City Bar Association
347,348,History of the New York City Bar Association
348,349,History of the New York City Bar Association
349,198,History of the New York City Bar Association
198,351,History of the New York City Bar Association
351,352,History of the New York City Bar Association
352,353,History of the New York City Bar Association
353,354,History of the New York City Bar Association
354,355,History of the New York City Bar Association
355,356,History of the New York City Bar Association
356,357,History of the New York City Bar Association
357,358,History of the New York City Bar Association
358,359,History of the New York City Bar Association
359,360,History of the New York City Bar Association
361,362,History of the New York City Police Department
362,363,History of the New York City Police Department
363,364,History of the New York City Police Department
364,365,History of the New York City Police Department
365,16,History of the New York City Police Department
16,367,History of the New York City Police Department
367,368,History of the New York City Police Department
368,290,History of the New York City Police Department
290,370,History of the New York City Police Department
370,352,History of the New York City Police Department
352,372,History of the New York City Police Department
372,215,History of the New York City Police Department
215,114,History of the New York City Police Department
114,375,History of the New York City Police Department
375,376,History of the New York City Police Department
376,377,History of the New York City Police Department
377,71,History of the New York City Police Department
71,379,History of the New York City Police Department
379,275,History of the New York City Police Department
121,130,History of the Republican Party (United States)
130,122,History of the Republican Party (United States)
122,384,History of the Republican Party (United States)
384,385,History of the Republican Party (United States)
385,90,History of the Republican Party (United States)
90,387,History of the Republican Party (United States)
387,388,History of the Republican Party (United States)
388,131,History of the Republican Party (United States)
131,390,History of the Republican Party (United States)
390,391,History of the Republican Party (United States)
391,392,History of the Republican Party (United States)
392,215,History of the Republican Party (United States)
215,69,History of the Republican Party (United States)
69,395,History of the Republican Party (United States)
395,396,History of the Republican Party (United States)
396,397,History of the Republican Party (United States)
397,398,History of the Republican Party (United States)
398,399,History of the Republican Party (United States)
399,400,History of the Republican Party (United States)
401,402,History of the San Francisco Police Department
402,71,History of the San Francisco Police Department
71,404,History of the San Francisco Police Department
404,405,History of the San Francisco Police Department
405,16,History of the San Francisco Police Department
16,407,History of the San Francisco Police Department
407,408,History of the San Francisco Police Department
408,54,History of the San Francisco Police Department
54,410,History of the San Francisco Police Department
410,411,History of the San Francisco Police Department
411,412,History of the San Francisco Police Department
412,413,History of the San Francisco Police Department
413,414,History of the San Francisco Police Department
414,415,History of the San Francisco Police Department
415,416,History of the San Francisco Police Department
416,77,History of the San Francisco Police Department
77,418,History of the San Francisco Police Department
418,419,History of the San Francisco Police Department
419,420,History of the San Francisco Police Department
421,422,History of the Texas Ranger Division
422,423,History of the Texas Ranger Division
423,16,History of the Texas Ranger Division
16,90,History of the Texas Ranger Division
90,426,History of the Texas Ranger Division
426,114,History of the Texas Ranger Division
114,428,History of the Texas Ranger Division
428,121,History of the Texas Ranger Division
121,430,History of the Texas Ranger Division
430,71,History of the Texas Ranger Division
71,432,History of the Texas Ranger Division
432,433,History of the Texas Ranger Division
433,434,History of the Texas Ranger Division
434,435,History of the Texas Ranger Division
435,275,History of the Texas Ranger Division
275,437,History of the Texas Ranger Division
437,438,History of the Texas Ranger Division
438,439,History of the Texas Ranger Division
439,356,History of the Texas Ranger Division
