ID,Label,Edits
1,Rjensen,8
2,Student7,7
3,ClueBot NG,3
4,98.239.93.41,2
5,J. Finkelstein,2
6,Fenice,2
7,Durova,2
8,Ericdn,2
9,Michael Snow,2
10,Stevertigo,2
11,2601:603:207F:E5AE:0:0:0:3DFA,2
12,InverseHypercube,2
13,Wizardman,2
14,SmackBot,2
15,70.189.8.149,1
16,SimonP,1
17,Vera.nderä,1
18,70.104.82.30,1
19,Jmertel23,1
20,67.160.80.163,1
21,DrRC,165
22,Shadowkittie5460,142
23,Tanner-Christopher,104
24,ClueBot NG,52
25,Neale Monks,51
26,BiliousBob,46
27,Stevietheman,43
28,Northamerica1000,40
29,InternetArchiveBot,28
30,Ish ishwar,22
31,Calitalia,20
32,AnomieBOT,18
33,Smulthaup,16
34,Wtmitchell,14
35,Berean Hunter,14
36,152.44.46.94,14
37,ClueBot,13
38,Jaywubba1887,12
39,FrescoBot,12
40,Savvyjack23,12
41,173.172.236.251,21
42,Ghostofnemo,18
43,71.36.184.67,14
44,GermanJoe,9
45,BilCat,9
46,Quintucket,7
47,Jaywubba1887,7
48,Gothguy248,6
49,Bender the Bot,6
50,96.32.110.215,5
51,InternetArchiveBot,5
52,TI1880,5
53,Jas315,5
54,2600:1004:B151:F71D:5C2F:9539:FA38:DD92,5
55,Rene Bascos Sarabia Jr.,5
56,67.171.1.210,5
57,KolbertBot,4
58,Bumm13,4
59,Ottawahitech,4
60,2.235.76.103,3
61,MAAnglistikBielefeld,211
62,Modernist,105
63,Sparkit,16
64,ClueBot NG,10
65,Espngeek,8
66,Sourcerery,7
67,TheOldJacobite,5
68,1yesfan,5
69,Mandarax,5
70,Jprg1966,4
71,Alpine4now,4
72,Aocdnw,4
73,87.139.115.64,4
74,Mamod16,4
75,Sethcline22,3
76,208.44.170.101,3
77,173.184.187.118,3
78,Hmains,3
79,Tassedethe,3
80,Hermixtape,3
81,Rodw,20
82,82.152.37.198,17
83,Vernon39,12
84,91.110.62.211,12
85,217.43.48.236,10
86,Wire723,9
87,Anachronist,7
88,Jllm06,7
89,Jpbowen,5
90,Americanmuseum,4
91,InternetArchiveBot,3
92,AgarwalSumeet,2
93,Zzyzx11,2
94,Tim!,2
95,Monkbot,2
96,Ibadibam,2
97,Renata,2
98,GreenC bot,2
99,Duane E. Tressler,2
100,Ser Amantio di Nicolao,2
101,Modernist,171
102,Espngeek,19
103,ClueBot NG,12
104,Ewulp,10
105,JNW,8
106,168.9.82.3,6
107,173.196.31.146,6
108,MaggieArtHist,5
109,Srich32977,4
110,24.163.29.218,4
111,InternetArchiveBot,4
112,165.138.88.175,3
113,216.11.87.91,3
114,216.138.82.226,3
115,Randy Kryn,3
116,207.157.239.243,3
117,ClueBot,3
118,Orgio89,3
119,SmackBot,3
120,69.139.230.251,3
121,Midnightdreary,13
122,Sonicyouth86,13
123,Btitl2,3
124,Parkwells,3
125,Mild Bill Hiccup,2
126,Rbellin,2
127,76.4.251.195,2
128,96.5.17.7,2
129,Dugan Murphy,2
130,ClueBot,2
131,Modernist 2000,2
132,Aristophanes68,2
133,217.236.217.159,2
134,Illegitimate Barrister,2
135,93.149.215.101,2
136,71.81.74.166,2
137,24.250.249.103,2
138,72.159.128.131,2
139,Oshwah,2
140,Magioladitis,1
141,Whitebox,57
142,Corker1,23
143,Drmargi,6
144,Vanished user fj0390923roktg4tlkm2pkd,6
145,Rotterdarned,6
146,Froid,6
147,SmackBot,5
148,Beyond My Ken,5
149,MarnetteD,4
150,InternetArchiveBot,4
151,72.49.169.87,4
152,Jonkerz,3
153,Rolypolyman,3
154,2601:7:1F00:BC:FD93:26AC:763B:7081,3
155,Kind Tennis Fan,3
156,76.218.20.75,3
157,73.61.8.122,3
158,Monkbot,3
159,Uthbrian,3
160,213.81.86.171,3
161,Absecon 59,43
162,Absecon 49,22
163,Cydebot,8
164,86.204.209.234,6
165,86.204.80.85,3
166,Hmains,2
167,SmackBot,2
168,Lightbot,2
169,Garion96,1
170,RobertaBoucher,1
171,Ken Gallager,1
172,Johnpacklambert,1
173,AK456,1
174,DaronDierkes,1
175,65.216.241.163,1
176,Daniel Olsen,1
177,Doprendek,1
178,86.218.144.147,1
179,AnomieBOT,1
180,Fixer88,1
181,SouthernNights,35
182,Crablogger,28
183,Parkwells,9
184,WhisperToMe,3
185,Jpgordon,3
186,Schneelocke,2
187,AndrewWTaylor,2
188,71.192.230.52,2
189,24.214.200.83,2
190,Bellerophon5685,2
191,Randy Kryn,2
192,Sadads,2
193,Fadesga,2
194,82.36.28.41,2
195,Hmains,2
196,Robofish,2
197,Deisenbe,2
198,Mike Hayes,2
199,WPjcm,2
200,202.142.69.59,2
201,Modernist,185
202,Coldcreation,74
203,Sparkit,31
204,Sternjon,20
205,Carptrash,15
206,Sarasays,13
207,The Rambling Man,11
208,Åüñîçnøl,8
209,Station1,7
210,Hmains,6
211,Tyrenius,5
212,Mary Mark Ockerbloom,5
213,Bender the Bot,4
214,LauraMogil,4
215,JPLei,4
216,173.54.29.65,4
217,Spicemix,4
218,Mandarax,3
219,BEDownes,3
220,Jefgomes,3
221,Modernist,45
222,Carptrash,19
223,Mary Mark Ockerbloom,9
224,Coldcreation,6
225,Marsange,3
226,Mandarax,3
227,Spiessens,3
228,Welsh,3
229,DDupard,2
230,Amintly,2
231,NYCWikiKid,2
232,Marc-AntoineV,2
233,Hugo999,2
234,Sternjon,2
235,Wmpearl,1
236,Lepricavark,1
237,Epicgenius,1
238,Sarasays,1
239,Tyrenius,1
240,Jarble,1
241,Mary Mark Ockerbloom,100
242,Coldcreation,5
243,Filedelinkerbot,2
244,Hugo999,2
245,Jessicapierce,2
246,Hipal,2
247,Cydebot,1
248,Look2See1,1
249,JJMC89,1
250,Headbomb,1
251,Rynb99,1
252,Colonies Chris,1
253,Bender the Bot,1
254,SporkBot,1
255,Citation bot,1
256,Epicgenius,1
257,The Eloquent Peasant,1
258,Amintly,1
259,Doncram,1
260,DeprecatedFixerBot,1
261,Modernist,215
262,Shorn again,23
263,UBU07,17
264,Sam Sailor,14
265,Delabrede,13
266,Saposapo,10
267,FrescoBot,10
268,Hanska99,7
269,Epicgenius,7
270,Peaceray,6
271,Smilemean,5
272,Parakeet3,5
273,Gteichert,5
274,Jose Luis Ortiz Tellez,5
275,Rosiestep,4
276,Viewmont Viking,4
277,Dorfmanstudio,4
278,Ghosh45,4
279,InternetArchiveBot,4
280,14GTR,4
281,Modernist,57
282,John Loughery,28
283,Ewulp,13
284,Bus stop,9
285,Parkwells,7
286,Espngeek,6
287,63.201.174.5,6
288,ClueBot NG,5
289,174.46.254.226,5
290,24.3.185.184,5
291,68.207.177.233,5
292,Mandarax,5
293,204.185.2.251,4
294,Sparkit,4
295,58.225.32.60,4
296,Signedzzz,4
297,CliffC,3
298,Ngc15,3
299,Dexalkaline,3
300,Dsp13,3
301,Alphageekpa,16
302,Lockley,2
303,Dthomsen8,1
304,Waacstats,1
305,Hmainsbot1,1
306,DeprecatedFixerBot,1
307,Elonka,1
308,Fram,1
309,FairuseBot,1
310,RjwilmsiBot,1
311,Bethlehem18017point,1
312,Anne Delong,12
313,JBlackCoffee52,4
314,WereSpielChequers,2
315,I dream of horses,2
316,Rankersbo,2
317,Bearcat,2
318,JMHamo,2
319,Packer1028,2
320,DBD,1
321,Khush sohal,1
322,InternetArchiveBot,1
323,KolbertBot,1
324,Berek,1
325,216.109.2.124,1
326,Diannaa,1
327,Wyrvan,1
328,I grieve in stereo,1
329,JoeHebda,1
330,Postcard Cathy,1
331,Citation bot,1
332,SW3 5DL,62
333,Parkwells,22
334,Noleander,16
335,Malik Shabazz,13
336,Rain de Pebble,8
337,Mchavez,7
338,Deisenbe,7
339,Kristinndel,6
340,St Judas the Lazarene,5
341,YoshiHiroshi,5
342,24.5.67.150,5
343,North Shoreman,4
344,Enthusiast01,4
345,ClueBot NG,4
346,Stewart king,3
347,Mchanges!,3
348,Daedalus969,3
349,Stephan Schulz,3
350,AnomieBOT,3
351,FrescoBot,3
352,ReverendLogos,535
353,Michael Devore,9
354,BarrelProof,8
355,Nikki311,8
356,Dimadick,6
357,InternetArchiveBot,6
358,RMCD bot,4
359,Zanimum,4
360,69.126.54.182,3
361,Watervale101,3
362,Lasso jack,3
363,GoingBatty,3
364,CommonsDelinker,3
365,H3llBot,3
366,Marcocapelle,3
367,Woohookitty,3
368,Rjwilmsi,3
369,Bender the Bot,3
370,HCShannon,3
371,Monkbot,3
372,CaroleHenson,8
373,The Anomebot2,2
374,GreenC bot,2
375,Bender the Bot,1
376,Beyond My Ken,1
377,InternetArchiveBot,1
378,Cydebot,1
379,Transpoman,1
380,Dthomsen8,1
381,Magic links bot,1
382,Omnipaedista,55
383,Andreasmperu,8
384,171.33.200.4,6
385,194.83.111.225,6
386,2604:2000:1382:C5DD:C101:1C49:1BAD:27F5,5
387,Monkbot,4
388,InternetArchiveBot,3
389,AnomieBOT,3
390,Headbomb,3
391,Animalparty,3
392,2604:2000:1382:C5DD:412B:8A3B:3155:240,3
393,CrossPlains,3
394,66.242.67.149,3
395,78.33.42.130,3
396,FelipeCallado,3
397,Yobot,2
398,BB Septure,2
399,Oshwah,2
400,GoingBatty,2
401,82.20.69.225,2
402,Canton Viaduct,9
403,Ryomaandres,9
404,A. Carty,7
405,CliffC,6
406,SJLahey,6
407,Davidgoodheart,6
408,Rettens2,5
409,68.37.178.207,3
410,InternetArchiveBot,3
411,Johnbod,3
412,Verica Atrebatum,3
413,Badgernet,3
414,Alborzagros,3
415,Jsnueva1022,2
416,68.94.44.91,2
417,Finnusertop,2
418,Versageek,2
419,ClueBot NG,2
420,Veinor,2
421,Elf,2
422,Etacar11,10
423,Bmclaughlin9,8
424,Caltrop,8
425,Sparkit,5
426,Noroton,4
427,HaapsaluYT,3
428,Sarasays,2
429,Tiarella,2
430,InternetArchiveBot,2
431,68.198.55.218,2
432,CeltMDC,1
433,SmackBot,1
434,Goldenrowley,1
435,Shhhnotsoloud,1
436,Orlady,1
437,Hmains,1
438,Ligulembot,1
439,D3,1
440,Bender the Bot,1
441,Citation bot,1
442,Spudlace,24
443,Julietdeltalima,10
444,2600:8800:3985:4800:60D1:DD9B:AB18:D791,8
445,74.83.46.152,4
446,Northamerica1000,4
447,78.94.48.85,2
448,Utcursch,2
449,Jessicapierce,2
450,Macrakis,2
451,Oshwah,2
452,Chris the speller,2
453,66.211.206.86,1
454,DanCherek,1
455,62.226.124.25,1
456,B.Perrine,1
457,WereSpielChequers,1
458,LindsayH,1
459,Charles Matthews,1
460,2603:8081:7E04:7A80:7559:1F8E:88F8:7471,1
461,ClueBot NG,1
462,Tanner-Christopher,37
463,Peter Isotalo,33
464,ClueBot NG,26
465,GWhitewood,25
466,BiliousBob,15
467,97.77.227.170,15
468,Jerem43,14
469,71.127.0.189,10
470,Rjensen,10
471,96.4.89.231,8
472,173.162.228.105,7
473,207.224.177.16,6
474,209.189.162.83,5
475,Bblovebug,5
476,173.212.61.150,5
477,CLCStudent,4
478,Hellosunshinlol,4
479,Dabomb87,4
480,Dilidor,4
481,Serols,4
482,Broadmoor,15
483,Kman543210,14
484,Angelog,12
485,Mlaffs,6
486,Crashlane,6
487,Aude,6
488,Sdkb,6
489,89.100.134.14,4
490,D Monack,4
491,37.14.15.200,3
492,P2prules,3
493,Animalparty,3
494,Ser Amantio di Nicolao,3
495,DPL bot,2
496,Finnusertop,2
497,96.226.42.220,2
498,InternetArchiveBot,2
499,67.170.184.73,2
500,71.82.12.11,2
501,DocWatson42,2
502,Schuym1,5
503,Randy Kryn,3
504,Andreasmperu,2
505,Woohookitty,1
506,Ser Amantio di Nicolao,1
507,Dimitrii,1
508,Bender235,1
509,Whytk,1
510,Scarabocchio,1
511,Fadesga,1
512,Pegship,1
513,Yobot,1
514,John,1
515,WikHead,1
516,Red Director,1
517,Addbot,1
518,Robofish,1
519,Good Olfactory,1
520,Reverend Loki,54
521,Armaced,40
522,Sandcherry,38
523,198.140.4.205,25
524,ClueBot NG,20
525,SummerPhDv2.0,20
526,Magnolia677,17
527,Mjrmtg,16
528,Billy Hathorn,16
529,B.Wind,15
530,WideArc,14
531,MarnetteD,13
532,Rodrigo Araya P.,10
533,DL77,9
534,Mesilla,9
535,216.56.92.44,8
536,Steelbeard1,7
537,205.188.116.74,7
538,12.108.167.194,7
539,Pepso,7
540,Freechild,14
541,Missvain,5
542,Rrguy,4
543,205.202.243.27,4
544,The Anomebot2,2
545,Peterson40,2
546,SmartOneK,2
547,BierHerr,2
548,Juniorlizard,2
549,Cydebot,2
550,Swid,2
551,Life of Riley,2
552,Dmadeo,2
553,GreenC bot,1
554,Cyberbot II,1
555,Kumioko (renamed),1
556,Belltower,1
557,Jaraalbe,1
558,Oshwah,1
559,Nice or in evil,1
560,Jottce,68
561,Diedrich,9
562,Hydrargyrum,7
563,JJay,5
564,Carptrash,5
565,80.142.247.226,4
566,Klarita,4
567,WikkanWitch,4
568,84.61.33.55,4
569,MrSativa,3
570,*Treker,3
571,Bork3456,3
572,80.145.127.84,3
573,SmackBot,3
574,129.217.215.171,3
575,Harej,2
576,Wiki-uk,2
577,TobeBot,2
578,Vladis Manisqa,2
579,Espoo,2
580,50.37.156.157,22
581,94.173.191.34,17
582,Samuel Clemmons,9
583,WikiParker,8
584,AnomieBOT,8
585,71.102.1.101,7
586,96.32.110.215,6
587,Lamro,6
588,Hmains,6
589,203.198.167.17,5
590,FeatherPluma,5
591,Monkbot,5
592,Kintetsubuffalo,5
593,Mercy11,5
594,Monster Crab,4
595,GreenC bot,4
596,78.119.80.252,4
597,Contele de Grozavesti,4
598,193.174.122.22,4
599,Horst-schlaemma,4
600,ClueBot NG,29
601,Edgarallenpwn,13
602,Materialscientist,5
603,86.138.225.66,5
604,67.43.19.8,5
605,Hoj364,4
606,108.214.146.92,4
607,202.90.61.52,4
608,Minnecologies,4
609,59.167.247.60,4
610,Eastlaw,4
611,25csims,3
612,NickMustard,3
613,Trusilver,3
614,Widr,3
615,206.41.89.220,3
616,66.114.30.249,3
617,163.153.196.43,3
618,200.78.255.178,3
619,Discospinster,3
620,Alan Liefting,5
621,Marcocapelle,3
622,Wavelength,3
623,SmackBot,3
624,200.229.239.2,2
625,Kevlar67,2
626,Hard Raspy Sci,2
627,Twas Now,2
628,AnomieBOT,1
629,JL-Bot,1
630,Rathfelder,1
631,MarshBot,1
632,Lquilter,1
633,Pmrich,1
634,207.161.86.162,1
635,Yobot,1
636,JJMC89 bot III,1
637,Dialectric,1
638,Cydebot,1
639,Fadesga,1
640,WFinch,210
641,Modernist,54
642,Carptrash,11
643,Kmccook,11
644,Jengod,10
645,Best O Fortuna,9
646,Bus stop,7
647,Djembayz,7
648,Tomseattle,6
649,Missvain,6
650,66.41.57.157,5
651,InternetArchiveBot,5
652,Bgwhite,5
653,Marika Herskovic,5
654,Beyond My Ken,4
655,Sparkit,4
656,72.80.71.214,4
657,Smallbones,4
658,Hmains,4
659,Durova,4
660,WFinch,193
661,Jengod,20
662,Rjensen,20
663,Chrismccreary,15
664,130.166.220.254,8
665,Beyond My Ken,5
666,193.62.51.220,4
667,Saladdays,3
668,Keith D,3
669,Abh21418,3
670,West of the moon,3
671,Ram5671,3
672,Ganymead,3
673,68.51.166.120,3
674,Narky Blert,3
675,Roscelese,3
676,Look2See1,3
677,4.240.186.116,3
678,216.188.225.195,2
679,Wrlcstaff,2
680,BoringHistoryGuy,95
681,Carptrash,92
682,SiefkinDR,14
683,12.41.123.251,6
684,Jim.henderson,5
685,Ashanda,5
686,Froid,3
687,Trialpears,2
688,2601:7:8180:495:FC2B:70ED:1CE6:67B5,2
689,CommonsDelinker,2
690,Irishwalsh,2
691,FrescoBot,2
692,Eddie891,2
693,Willbb234,2
694,LilHelpa,2
695,12.30.143.132,1
696,Markhole,1
697,ImageRemovalBot,1
698,Theroadislong,1
699,The Anomebot2,1
700,72.43.26.82,15
701,Library Guy,4
702,Tabletop,3
703,172.131.84.214,3
704,Mogism,2
705,StAnselm,2
706,InternetArchiveBot,2
707,Siva1979,2
708,Pi3.124,2
709,Johnpacklambert,2
710,Hmains,2
711,DragonflySixtyseven,2
712,Yobot,2
713,Cornellrockey,2
714,Cydebot,2
715,SmackBot,1
716,67.11.152.253,1
717,JL-Bot,1
718,72.43.26.115,1
719,Rathfelder,1
720,Jengod,25
721,Usfjim,5
722,Alarichall,5
723,BeenAroundAWhile,3
724,196.220.97.134,2
725,GrindtXX,2
726,WFinch,2
727,Lilethan,2
728,Cydebot,2
729,Magioladitis,1
730,70.181.47.197,1
731,Laureapuella,1
732,JJMC89 bot III,1
733,Tabletop,1
734,Bender the Bot,1
735,65.175.162.201,1
736,Narthring,1
737,SmackBot,1
738,Magic links bot,1
739,MarconiCheese,1
740,Tanner-Christopher,30
741,97.123.212.244,6
742,Danny,4
743,Jmstaylor393,4
744,ChyranandChloe,3
745,24.167.240.45,3
746,216.20.117.14,3
747,128.54.207.171,3
748,ClueBot NG,3
749,ClueBot,3
750,Alan Liefting,3
751,2600:1005:B106:C8ED:396A:8AC4:C175:A850,2
752,204.38.47.178,2
753,Aitias,2
754,199.4.143.84,2
755,2.27.12.45,2
756,216.6.154.128,2
757,192.234.90.30,2
758,Nyttend,2
759,GenQuest,2
760,Rjensen,202
761,Student7,59
762,Bender235,25
763,Parkwells,25
764,ClueBot NG,24
765,MusicTree3,24
766,Lexandalf,18
767,MPS1992,14
768,SmackBot,9
769,AnomieBOT,9
770,74.5.134.73,7
771,Swampyank,6
772,67.171.1.210,6
773,74.5.131.133,6
774,152.26.26.120,6
775,12.27.136.130,6
776,Architect21c,5
777,InternetArchiveBot,5
778,108.39.124.181,5
779,Lmgarf,5
780,Chloereynolds,95
781,45.49.162.216,26
782,Discospinster,6
783,DGG,3
784,73.246.70.62,2
785,Twotwice,2
786,2604:2000:1484:8804:68C0:9B9F:2A7F:A17,2
787,Iridescent,2
788,JWilk,2
789,Banana Nutella,2
790,2601:204:E080:3BDB:8C6F:2CFC:EABC:608C,1
791,Gronk Oz,1
792,Dajo767,1
793,Narutolovehinata5,1
794,Postdlf,1
795,Frap,1
796,A bit iffy,1
797,Aliza250,1
798,130.85.245.63,1
799,SkiMaskA,1
800,Tomticker5,17
801,109.148.185.103,16
802,Dreadstar,11
803,Incommand,10
804,SL93,8
805,ClueBot NG,7
806,Northamerica1000,6
807,JudyCS,5
808,InternetArchiveBot,5
809,Jerem43,4
810,AnomieBOT,4
811,Masterofthewatch,3
812,Bender the Bot,3
813,Helpful Pixie Bot,2
814,Citation bot,2
815,Wavelength,2
816,209.56.77.2,2
817,Assasian1010,2
818,BG19bot,2
819,Kind Tennis Fan,2
820,Modernist,62
821,Dmadeo,26
822,JohnJHenderson,21
823,ClueBot NG,17
824,JNW,17
825,66.65.189.235,14
826,Jack Bethune,12
827,Sparkit,9
828,?,8
829,Worldofdew,8
830,64.202.83.26,7
831,Dilidor,5
832,24.188.119.169,5
833,216.134.47.13,5
834,ClueBot,5
835,165.138.227.252,4
836,Epicgenius,4
837,75.150.162.217,4
838,67.76.231.35,4
839,156.110.126.86,4
840,Alphageekpa,3
841,Addbot,2
842,TenPoundHammer,2
843,Kirankumar3081,2
844,Orangplanetband,1
845,Zu vano siallagan,1
846,Jac16888,1
847,Erik9bot,1
848,ClueBot NG,1
849,Sgt Pinback,1
850,Pokedigi,1
851,Rich Farmbrough,1
852,Hmains,1
853,Nocowardsoulismine,1
854,NukeofEarl,1
855,Czar,3
856,Citation bot,2
857,Yobot,1
858,BrownHairedGirl,1
859,Fadesga,1
860,JTtheOG,1
861,Bearcat,1
862,Kennethaw88,1
863,Zackmann08,1
864,?,34
865,Modernist,23
866,Nihonjoe,15
867,Dmadeo,11
868,Alafarge,6
869,JNW,5
870,98.213.220.149,3
871,Denniscabrams,3
872,Neddyseagoon,3
873,Johnbod,3
874,169.199.121.5,2
875,Monkbot,2
876,99.113.164.153,2
877,Woohookitty,2
878,Uvedale,2
879,Howcheng,2
880,Dichris,2
881,165.155.208.96,2
882,Jsrouthier,2
883,24.5.143.190,2
884,Koetachi,20
885,WFinch,12
886,Rjensen,4
887,69.243.28.201,4
888,UWMproject,3
889,75.197.174.115,3
890,Hmains,3
891,Cigarette,3
892,Bahar1397,2
893,155.33.64.190,2
894,Roscelese,2
895,128.83.148.99,1
896,SmackBot,1
897,Colonies Chris,1
898,Clawson,1
899,50.99.202.147,1
900,98.195.166.61,1
901,OrphanBot,1
902,72.215.60.90,1
903,Shortride,1
904,Balloonman,697
905,98.245.148.9,344
906,Telemachus.forward,131
907,SandyGeorgia,77
908,H.Tamahagane,76
909,Awiseman,44
910,174.29.139.208,31
911,69.171.160.109,29
912,69.171.160.255,26
913,69.171.160.178,22
914,Wikibratupdates,22
915,63.229.225.130,21
916,98.245.172.142,19
917,69.171.160.91,19
918,Chris troutman,19
919,98.245.170.70,17
920,Skyerise,17
921,Dale Arnett,17
922,Chaheel Riens,16
923,66.7.182.35,14
924,ClueBot NG,18
925,Charles Matthews,9
926,StAnselm,6
927,Amermusic,4
928,Dilidor,4
929,66.211.131.50,4
930,47.200.126.62,3
931,208.108.138.51,3
932,Mild Bill Hiccup,3
933,Ernio48,3
934,RaineCarraway,3
935,99.33.73.11,3
936,Jfhutson,3
937,StarryGrandma,2
938,Onel5969,2
939,Jay D. Easy,2
940,Kdelis,2
941,114.142.230.1,2
942,2601:204:E780:703:CDAE:EFBC:8A6:B450,2
943,67.85.1.171,2
944,Filedelinkerbot,16
945,Cmcguire02,9
946,LosillaLark,3
947,Giraffedata,2
948,Cydebot,2
949,Ser Amantio di Nicolao,2
950,74.66.65.128,2
951,InternetArchiveBot,1
952,DeprecatedFixerBot,1
953,TRBP,1
954,Monkbot,1
955,Nocowardsoulismine,1
956,Gadget850,1
957,Jooojay,1
958,Iridescent,1
959,AnomieBOT,1
960,Barry Town People,1
961,SchreiberBike,1
962,Reyk,1
963,Michipedian,1
964,LosillaLark,6
965,Tassedethe,2
966,InternetArchiveBot,2
967,Bender the Bot,1
968,Chris the speller,1
969,DeprecatedFixerBot,1
970,WereSpielChequers,1
971,Dai Pritchard,1
972,204.82.90.112,1
973,FrescoBot,1
974,Caro7200,1
975,Ergo Sum,1
976,Bgwhite,1
977,Gabbe,1
978,Colonies Chris,1
979,Bearcat,1
980,BD2412bot,1
981,BG19bot,1
982,Bmclaughlin9,6
983,Zcarstvnz,3
984,Lockley,3
985,E.M.Gregory,2
986,Minard38,2
987,Simtropolitan,2
988,Randy Kryn,1
989,GennadyL,1
990,Alafarge,1
991,Mandarax,1
992,InternetArchiveBot,1
993,Missvain,1
994,Monkbot,1
995,62.193.61.190,1
996,Lexaxis7,53
997,Ilikewiki2020,6
998,Hbobrien,3
999,InternetArchiveBot,3
1000,FieldMarine,2
1001,Citation bot,2
1002,TheMindsEye,2
1003,Monkbot,2
1004,137.99.48.66,2
1005,2605:6000:EF85:DE00:D04E:F075:37E4:EF9B,2
1006,WilliamDigiCol,2
1007,Citation bot 1,2
1008,SmackBot,2
1009,Modernist,2
1010,Monjundi,2
1011,Animalparty,1
1012,Scrawlspacer,1
1013,E.M.Gregory,1
1014,72.138.38.240,1
1015,Nemhun,1
1016,MouseRancher,37
1017,Tuneman42,8
1018,InternetArchiveBot,4
1019,FrescoBot,4
1020,74.209.31.31,3
1021,Benpaul66,3
1022,173.49.121.223,3
1023,Kumioko (renamed),2
1024,RjwilmsiBot,2
1025,108.2.147.192,2
1026,KolbertBot,2
1027,174.64.11.169,1
1028,173.49.73.82,1
1029,69.195.51.88,1
1030,Widr,1
1031,Magioladitis,1
1032,Citation bot,1
1033,Bender the Bot,1
1034,Gdadmawsag,1
1035,Mcoupal,1
1036,Parkwells,26
1037,Randy Kryn,17
1038,Drmies,15
1039,Deisenbe,13
1040,Carbon Caryatid,13
1041,Rsk6400,12
1042,SouthernNights,10
1043,Mzoem,7
1044,Arxiloxos,7
1045,BlueLupine,6
1046,Lisabaki,5
1047,Harry Potter,5
1048,159.83.54.2,5
1049,Leutha,5
1050,InternetArchiveBot,5
1051,Proscribe,5
1052,CaroleHenson,5
1053,Froid,5
1054,Paul Haymon,4
1055,165.155.192.103,4
1056,Malik Shabazz,350
1057,Deisenbe,310
1058,Alanscottwalker,304
1059,North Shoreman,284
1060,Parkwells,235
1061,ClueBot NG,173
1062,Rjensen,104
1063,JimWae,86
1064,Hmains,79
1065,Noleander,66
1066,JLaTondre,61
1067,ClueBot,57
1068,KConWiki,47
1069,Acroterion,47
1070,Floridasand,47
1071,Dawnseeker2000,46
1072,Leutha,43
1073,CommonKnowledgeCreator,38
1074,Jojalozzo,38
1075,AnomieBOT,37
1076,Skomorokh,7
1077,Whitebox,7
1078,ClueBot NG,4
1079,LorenzoB,4
1080,86.187.161.143,4
1081,Transfinite,3
1082,SCEhardt,3
1083,69.158.18.117,3
1084,12.33.141.36,3
1085,Jeff1000000,3
1086,Clarityfiend,3
1087,Slightsmile,3
1088,94.21.204.175,2
1089,Furrykef,2
1090,2601:84:8801:33D0:8D76:5124:4D9D:F2BF,2
1091,216.164.142.209,2
1092,Auric,2
1093,Opencooper,2
1094,TMProofreader,2
1095,130.79.60.111,2
1096,195.73.22.130,14
1097,SouthernNights,13
1098,87.33.65.32,6
1099,M2545,4
1100,140.194.40.40,4
1101,RussBot,3
1102,87.33.65.33,3
1103,65.28.107.135,3
1104,78.133.20.112,3
1105,Andonic,2
1106,87.33.65.28,2
1107,206.219.152.10,2
1108,173.71.4.7,2
1109,ClueBot,2
1110,Wintersdoor,2
1111,WikiEditor668,2
1112,Jakfittsway,2
1113,12.220.177.98,2
1114,Nonexistant User,2
1115,151.203.33.15,2
1116,Sitush,8
1117,NietzscheSpeaks,5
1118,Ecmullen,5
1119,Funandtrvl,3
1120,72.157.177.7,3
1121,JUDAS MAIDEN,3
1122,71.88.118.163,3
1123,Bneu2013,2
1124,Materialscientist,2
1125,J3nnb0,2
1126,97.89.32.14,2
1127,InternetArchiveBot,1
1128,Bmag32,1
1129,Timrollpickering,1
1130,Fgegypt,1
1131,Bender the Bot,1
1132,Hmains,1
1133,Smok3yblu3dog,1
1134,Drpepperdingo34,1
1135,White Arabian Filly,1
1136,Etacar11,11
1137,Wikiuser100,8
1138,Sparkit,7
1139,Ewulp,4
1140,Randy Kryn,3
1141,Hugh Manatee,3
1142,Clutter1,2
1143,WilliamDigiCol,2
1144,Lockley,1
1145,Xqbot,1
1146,RONRON61093,1
1147,Tenzing347,1
1148,Bluebot,1
1149,Niceguyedc,1
1150,128.252.157.169,1
1151,129.55.200.20,1
1152,Scotwriter,1
1153,Monkbot,1
1154,EncycloPetey,1
1155,Nocowardsoulismine,1
1156,Deisenbe,237
1157,Noleander,106
1158,ClueBot NG,54
1159,Malik Shabazz,44
1160,Parkwells,28
1161,Tlopalko,20
1162,Miniapolis,17
1163,MShabazz,16
1164,Junglejill,13
1165,AnomieBOT,13
1166,Hasamoah,12
1167,188.71.210.131,11
1168,North Shoreman,11
1169,96.245.221.159,11
1170,Loriendrew,11
1171,Jgleissn,9
1172,AlexHenderson59,7
1173,Materialscientist,6
1174,Oshwah,6
1175,47.183.138.120,5
1176,L33th4x0rguy,15
1177,Eastlaw,5
1178,Sketchee,4
1179,24.30.114.63,3
1180,24.211.242.80,3
1181,Goldenrowley,2
1182,Techielaw,2
1183,98.182.26.108,2
1184,Robert K S,2
1185,Bender the Bot,2
1186,Postdlf,2
1187,Forbes72,2
1188,173.71.93.102,2
1189,SmackBot,2
1190,149.79.50.1,2
1191,165.155.192.104,2
1192,BD2412,2
1193,Fiachra10003,2
1194,Eubot,1
1195,AnomieBOT,1
1196,Modernist,28
1197,Singingthebleu,14
1198,Chreliot,13
1199,Edzerne,10
1200,Ssalb1,10
1201,2601:14D:8603:2B87:80D6:2A9B:31D2:4165,6
1202,68.49.59.72,6
1203,Sgly76,6
1204,Johnbod,5
1205,68.33.166.53,5
1206,CconstanceR,5
1207,45.72.136.201,4
1208,2601:14D:8603:2B87:41E7:513:6470:A9B1,3
1209,2601:14D:8603:2B87:D508:E7BC:9CB5:BF6C,3
1210,PrimeBOT,2
1211,Megcitement,2
1212,172.145.160.37,2
1213,129.210.115.4,2
1214,96.224.241.15,2
1215,199.119.115.194,2
1216,Evrik,39
1217,DavidWBrooks,39
1218,75.163.44.105,14
1219,WPK~enwiki,13
1220,Dbachmann,13
1221,75.163.43.68,12
1222,Paul Barlow,11
1223,Quaeler,10
1224,Klemen Kocjancic,10
1225,71.217.249.24,10
1226,Kintetsubuffalo,9
1227,71.217.253.182,9
1228,AnomieBOT,9
1229,FrescoBot,8
1230,71.217.249.239,8
1231,75.174.249.158,7
1232,71.35.85.117,7
1233,71.35.85.66,6
1234,Arthur Warrington Thomas,6
1235,71.217.255.161,6
1236,JohnJHenderson,581
1237,72.224.186.142,23
1238,Ken Gallager,18
1239,Geometry guy,16
1240,Jack Bethune,15
1241,73.62.164.175,10
1242,Moni3,8
1243,Rmhermen,7
1244,69.161.63.23,6
1245,BrokenSegue,5
1246,Thakinthakin,4
1247,Modernist,4
1248,Maralia,3
1249,75.73.215.13,3
1250,Calamitybrook,2
1251,Tabletop,2
1252,172.212.212.225,2
1253,117.205.148.24,2
1254,LilHelpa,2
1255,SmackBot,2
1256,209.254.12.73,57
1257,Gujuguy,40
1258,Kevin j,39
1259,Galatz,39
1260,Rangerkid51,33
1261,TMC1982,26
1262,Jayemd,25
1263,65.82.131.225,24
1264,Croctotheface,23
1265,Fhb3,18
1266,Oknazevad,18
1267,UnqstnableTruth,17
1268,Portillo,16
1269,100.2.29.254,15
1270,Nikki311,14
1271,Bjanderson94,13
1272,I9513,12
1273,PSVita1,11
1274,Aaru Bui,11
1275,207.74.196.20,11
1276,Dilbaggg,241
1277,Jayemd,217
1278,ZSJUSA,161
1279,123.211.138.58,152
1280,RealDealBillMcNeal,147
1281,Rebelrick123,99
1282,UnqstnableTruth,84
1283,96.250.54.181,67
1284,MisterJay123,65
1285,Marked Man 808,61
1286,SouthAsianGuy891,47
1287,68.196.72.173,41
1288,*Treker,38
1289,ClueBot NG,35
1290,NiciVampireHeart,35
1291,68.196.71.229,34
1292,76.184.164.38,34
1293,Galatz,34
1294,Mtavarez727,33
1295,82.10.48.63,33
1296,FitzColinGerald,53
1297,Midnightdreary,8
1298,71.177.221.129,7
1299,24.8.68.57,7
1300,Rjensen,6
1301,DocWatson42,4
1302,24.95.110.93,4
1303,128.180.109.108,3
1304,Kafkaesk1984,3
1305,Everyking,3
1306,24.8.66.74,3
1307,67.174.100.5,2
1308,71.202.134.13,2
1309,TexasAndroid,2
1310,Infrogmation,2
1311,Hmains,2
1312,96.250.165.75,2
1313,64.134.66.163,2
1314,Alaibot,2
1315,Srich32977,2
