Source,Target
1,Cultural history of the United States
2,Cultural history of the United States
3,Cultural history of the United States
4,Cultural history of the United States
5,Cultural history of the United States
6,Cultural history of the United States
7,Cultural history of the United States
8,Cultural history of the United States
9,Cultural history of the United States
10,Cultural history of the United States
11,Cultural history of the United States
12,Cultural history of the United States
13,Cultural history of the United States
14,Cultural history of the United States
15,Cultural history of the United States
16,Cultural history of the United States
17,Cultural history of the United States
18,Cultural history of the United States
19,Cultural history of the United States
20,Cultural history of the United States
21,American cuisine
22,American cuisine
23,American cuisine
24,American cuisine
25,American cuisine
26,American cuisine
27,American cuisine
28,American cuisine
29,American cuisine
30,American cuisine
31,American cuisine
32,American cuisine
33,American cuisine
34,American cuisine
35,American cuisine
36,American cuisine
37,American cuisine
38,American cuisine
39,American cuisine
40,American cuisine
41,American diaspora
42,American diaspora
43,American diaspora
44,American diaspora
45,American diaspora
46,American diaspora
47,American diaspora
48,American diaspora
49,American diaspora
50,American diaspora
51,American diaspora
52,American diaspora
53,American diaspora
54,American diaspora
55,American diaspora
56,American diaspora
57,American diaspora
58,American diaspora
59,American diaspora
60,American diaspora
61,American modernism
62,American modernism
63,American modernism
64,American modernism
65,American modernism
66,American modernism
67,American modernism
68,American modernism
69,American modernism
70,American modernism
71,American modernism
72,American modernism
73,American modernism
74,American modernism
75,American modernism
76,American modernism
77,American modernism
78,American modernism
79,American modernism
80,American modernism
81,American Museum and Gardens
82,American Museum and Gardens
83,American Museum and Gardens
84,American Museum and Gardens
85,American Museum and Gardens
86,American Museum and Gardens
87,American Museum and Gardens
88,American Museum and Gardens
89,American Museum and Gardens
90,American Museum and Gardens
91,American Museum and Gardens
92,American Museum and Gardens
93,American Museum and Gardens
94,American Museum and Gardens
95,American Museum and Gardens
96,American Museum and Gardens
97,American Museum and Gardens
98,American Museum and Gardens
99,American Museum and Gardens
100,American Museum and Gardens
101,American Realism
102,American Realism
103,American Realism
104,American Realism
105,American Realism
106,American Realism
107,American Realism
108,American Realism
109,American Realism
110,American Realism
111,American Realism
112,American Realism
113,American Realism
114,American Realism
115,American Realism
116,American Realism
117,American Realism
118,American Realism
119,American Realism
120,American Realism
121,American Renaissance (literature)
122,American Renaissance (literature)
123,American Renaissance (literature)
124,American Renaissance (literature)
125,American Renaissance (literature)
126,American Renaissance (literature)
127,American Renaissance (literature)
128,American Renaissance (literature)
129,American Renaissance (literature)
130,American Renaissance (literature)
131,American Renaissance (literature)
132,American Renaissance (literature)
133,American Renaissance (literature)
134,American Renaissance (literature)
135,American Renaissance (literature)
136,American Renaissance (literature)
137,American Renaissance (literature)
138,American Renaissance (literature)
139,American Renaissance (literature)
140,American Renaissance (literature)
141,American tea culture
142,American tea culture
143,American tea culture
144,American tea culture
145,American tea culture
146,American tea culture
147,American tea culture
148,American tea culture
149,American tea culture
150,American tea culture
151,American tea culture
152,American tea culture
153,American tea culture
154,American tea culture
155,American tea culture
156,American tea culture
157,American tea culture
158,American tea culture
159,American tea culture
160,American tea culture
161,Anchor Line (riverboat company)
162,Anchor Line (riverboat company)
163,Anchor Line (riverboat company)
164,Anchor Line (riverboat company)
165,Anchor Line (riverboat company)
166,Anchor Line (riverboat company)
167,Anchor Line (riverboat company)
168,Anchor Line (riverboat company)
169,Anchor Line (riverboat company)
170,Anchor Line (riverboat company)
171,Anchor Line (riverboat company)
172,Anchor Line (riverboat company)
173,Anchor Line (riverboat company)
174,Anchor Line (riverboat company)
175,Anchor Line (riverboat company)
176,Anchor Line (riverboat company)
177,Anchor Line (riverboat company)
178,Anchor Line (riverboat company)
179,Anchor Line (riverboat company)
180,Anchor Line (riverboat company)
181,Anti-Tom literature
182,Anti-Tom literature
183,Anti-Tom literature
184,Anti-Tom literature
185,Anti-Tom literature
186,Anti-Tom literature
187,Anti-Tom literature
188,Anti-Tom literature
189,Anti-Tom literature
190,Anti-Tom literature
191,Anti-Tom literature
192,Anti-Tom literature
193,Anti-Tom literature
194,Anti-Tom literature
195,Anti-Tom literature
196,Anti-Tom literature
197,Anti-Tom literature
198,Anti-Tom literature
199,Anti-Tom literature
200,Anti-Tom literature
201,Armory Show
202,Armory Show
203,Armory Show
204,Armory Show
205,Armory Show
206,Armory Show
207,Armory Show
208,Armory Show
209,Armory Show
210,Armory Show
211,Armory Show
212,Armory Show
213,Armory Show
214,Armory Show
215,Armory Show
216,Armory Show
217,Armory Show
218,Armory Show
219,Armory Show
220,Armory Show
221,List of artists in the Armory Show
222,List of artists in the Armory Show
223,List of artists in the Armory Show
224,List of artists in the Armory Show
225,List of artists in the Armory Show
226,List of artists in the Armory Show
227,List of artists in the Armory Show
228,List of artists in the Armory Show
229,List of artists in the Armory Show
230,List of artists in the Armory Show
231,List of artists in the Armory Show
232,List of artists in the Armory Show
233,List of artists in the Armory Show
234,List of artists in the Armory Show
235,List of artists in the Armory Show
236,List of artists in the Armory Show
237,List of artists in the Armory Show
238,List of artists in the Armory Show
239,List of artists in the Armory Show
240,List of artists in the Armory Show
241,List of women artists in the Armory Show
242,List of women artists in the Armory Show
243,List of women artists in the Armory Show
244,List of women artists in the Armory Show
245,List of women artists in the Armory Show
246,List of women artists in the Armory Show
247,List of women artists in the Armory Show
248,List of women artists in the Armory Show
249,List of women artists in the Armory Show
250,List of women artists in the Armory Show
251,List of women artists in the Armory Show
252,List of women artists in the Armory Show
253,List of women artists in the Armory Show
254,List of women artists in the Armory Show
255,List of women artists in the Armory Show
256,List of women artists in the Armory Show
257,List of women artists in the Armory Show
258,List of women artists in the Armory Show
259,List of women artists in the Armory Show
260,List of women artists in the Armory Show
261,Art Students League of New York
262,Art Students League of New York
263,Art Students League of New York
264,Art Students League of New York
265,Art Students League of New York
266,Art Students League of New York
267,Art Students League of New York
268,Art Students League of New York
269,Art Students League of New York
270,Art Students League of New York
271,Art Students League of New York
272,Art Students League of New York
273,Art Students League of New York
274,Art Students League of New York
275,Art Students League of New York
276,Art Students League of New York
277,Art Students League of New York
278,Art Students League of New York
279,Art Students League of New York
280,Art Students League of New York
281,Ashcan School
282,Ashcan School
283,Ashcan School
284,Ashcan School
285,Ashcan School
286,Ashcan School
287,Ashcan School
288,Ashcan School
289,Ashcan School
290,Ashcan School
291,Ashcan School
292,Ashcan School
293,Ashcan School
294,Ashcan School
295,Ashcan School
296,Ashcan School
297,Ashcan School
298,Ashcan School
299,Ashcan School
300,Ashcan School
301,Baum Circle
302,Baum Circle
303,Baum Circle
304,Baum Circle
305,Baum Circle
306,Baum Circle
307,Baum Circle
308,Baum Circle
309,Baum Circle
310,Baum Circle
311,Baum Circle
312,Biography of a Slave
313,Biography of a Slave
314,Biography of a Slave
315,Biography of a Slave
316,Biography of a Slave
317,Biography of a Slave
318,Biography of a Slave
319,Biography of a Slave
320,Biography of a Slave
321,Biography of a Slave
322,Biography of a Slave
323,Biography of a Slave
324,Biography of a Slave
325,Biography of a Slave
326,Biography of a Slave
327,Biography of a Slave
328,Biography of a Slave
329,Biography of a Slave
330,Biography of a Slave
331,Biography of a Slave
332,Breeding of enslaved people in the United States
333,Breeding of enslaved people in the United States
334,Breeding of enslaved people in the United States
335,Breeding of enslaved people in the United States
336,Breeding of enslaved people in the United States
337,Breeding of enslaved people in the United States
338,Breeding of enslaved people in the United States
339,Breeding of enslaved people in the United States
340,Breeding of enslaved people in the United States
341,Breeding of enslaved people in the United States
342,Breeding of enslaved people in the United States
343,Breeding of enslaved people in the United States
344,Breeding of enslaved people in the United States
345,Breeding of enslaved people in the United States
346,Breeding of enslaved people in the United States
347,Breeding of enslaved people in the United States
348,Breeding of enslaved people in the United States
349,Breeding of enslaved people in the United States
350,Breeding of enslaved people in the United States
351,Breeding of enslaved people in the United States
352,Christmas in the United States (1946–1964)
353,Christmas in the United States (1946–1964)
354,Christmas in the United States (1946–1964)
355,Christmas in the United States (1946–1964)
356,Christmas in the United States (1946–1964)
357,Christmas in the United States (1946–1964)
358,Christmas in the United States (1946–1964)
359,Christmas in the United States (1946–1964)
360,Christmas in the United States (1946–1964)
361,Christmas in the United States (1946–1964)
362,Christmas in the United States (1946–1964)
363,Christmas in the United States (1946–1964)
364,Christmas in the United States (1946–1964)
365,Christmas in the United States (1946–1964)
366,Christmas in the United States (1946–1964)
367,Christmas in the United States (1946–1964)
368,Christmas in the United States (1946–1964)
369,Christmas in the United States (1946–1964)
370,Christmas in the United States (1946–1964)
371,Christmas in the United States (1946–1964)
372,Columbian Academy of Painting
373,Columbian Academy of Painting
374,Columbian Academy of Painting
375,Columbian Academy of Painting
376,Columbian Academy of Painting
377,Columbian Academy of Painting
378,Columbian Academy of Painting
379,Columbian Academy of Painting
380,Columbian Academy of Painting
381,Columbian Academy of Painting
382,History of American comics
383,History of American comics
384,History of American comics
385,History of American comics
386,History of American comics
387,History of American comics
388,History of American comics
389,History of American comics
390,History of American comics
391,History of American comics
392,History of American comics
393,History of American comics
394,History of American comics
395,History of American comics
396,History of American comics
397,History of American comics
398,History of American comics
399,History of American comics
400,History of American comics
401,History of American comics
402,Commemorative plaque
403,Commemorative plaque
404,Commemorative plaque
405,Commemorative plaque
406,Commemorative plaque
407,Commemorative plaque
408,Commemorative plaque
409,Commemorative plaque
410,Commemorative plaque
411,Commemorative plaque
412,Commemorative plaque
413,Commemorative plaque
414,Commemorative plaque
415,Commemorative plaque
416,Commemorative plaque
417,Commemorative plaque
418,Commemorative plaque
419,Commemorative plaque
420,Commemorative plaque
421,Commemorative plaque
422,Cos Cob art colony
423,Cos Cob art colony
424,Cos Cob art colony
425,Cos Cob art colony
426,Cos Cob art colony
427,Cos Cob art colony
428,Cos Cob art colony
429,Cos Cob art colony
430,Cos Cob art colony
431,Cos Cob art colony
432,Cos Cob art colony
433,Cos Cob art colony
434,Cos Cob art colony
435,Cos Cob art colony
436,Cos Cob art colony
437,Cos Cob art colony
438,Cos Cob art colony
439,Cos Cob art colony
440,Cos Cob art colony
441,Cos Cob art colony
442,Cuisine of Antebellum America
443,Cuisine of Antebellum America
444,Cuisine of Antebellum America
445,Cuisine of Antebellum America
446,Cuisine of Antebellum America
447,Cuisine of Antebellum America
448,Cuisine of Antebellum America
449,Cuisine of Antebellum America
450,Cuisine of Antebellum America
451,Cuisine of Antebellum America
452,Cuisine of Antebellum America
453,Cuisine of Antebellum America
454,Cuisine of Antebellum America
455,Cuisine of Antebellum America
456,Cuisine of Antebellum America
457,Cuisine of Antebellum America
458,Cuisine of Antebellum America
459,Cuisine of Antebellum America
460,Cuisine of Antebellum America
461,Cuisine of Antebellum America
462,Cuisine of the Thirteen Colonies
463,Cuisine of the Thirteen Colonies
464,Cuisine of the Thirteen Colonies
465,Cuisine of the Thirteen Colonies
466,Cuisine of the Thirteen Colonies
467,Cuisine of the Thirteen Colonies
468,Cuisine of the Thirteen Colonies
469,Cuisine of the Thirteen Colonies
470,Cuisine of the Thirteen Colonies
471,Cuisine of the Thirteen Colonies
472,Cuisine of the Thirteen Colonies
473,Cuisine of the Thirteen Colonies
474,Cuisine of the Thirteen Colonies
475,Cuisine of the Thirteen Colonies
476,Cuisine of the Thirteen Colonies
477,Cuisine of the Thirteen Colonies
478,Cuisine of the Thirteen Colonies
479,Cuisine of the Thirteen Colonies
480,Cuisine of the Thirteen Colonies
481,Cuisine of the Thirteen Colonies
482,"Culture of Washington, D.C."
483,"Culture of Washington, D.C."
484,"Culture of Washington, D.C."
485,"Culture of Washington, D.C."
486,"Culture of Washington, D.C."
487,"Culture of Washington, D.C."
488,"Culture of Washington, D.C."
489,"Culture of Washington, D.C."
490,"Culture of Washington, D.C."
491,"Culture of Washington, D.C."
492,"Culture of Washington, D.C."
493,"Culture of Washington, D.C."
494,"Culture of Washington, D.C."
495,"Culture of Washington, D.C."
496,"Culture of Washington, D.C."
497,"Culture of Washington, D.C."
498,"Culture of Washington, D.C."
499,"Culture of Washington, D.C."
500,"Culture of Washington, D.C."
501,"Culture of Washington, D.C."
502,Death Makes a Holiday
503,Death Makes a Holiday
504,Death Makes a Holiday
505,Death Makes a Holiday
506,Death Makes a Holiday
507,Death Makes a Holiday
508,Death Makes a Holiday
509,Death Makes a Holiday
510,Death Makes a Holiday
511,Death Makes a Holiday
512,Death Makes a Holiday
513,Death Makes a Holiday
514,Death Makes a Holiday
515,Death Makes a Holiday
516,Death Makes a Holiday
517,Death Makes a Holiday
518,Death Makes a Holiday
519,Death Makes a Holiday
520,Drive-in theater
521,Drive-in theater
522,Drive-in theater
523,Drive-in theater
524,Drive-in theater
525,Drive-in theater
526,Drive-in theater
527,Drive-in theater
528,Drive-in theater
529,Drive-in theater
530,Drive-in theater
531,Drive-in theater
532,Drive-in theater
533,Drive-in theater
534,Drive-in theater
535,Drive-in theater
536,Drive-in theater
537,Drive-in theater
538,Drive-in theater
539,Drive-in theater
540,Durham Museum
541,Durham Museum
542,Durham Museum
543,Durham Museum
544,Durham Museum
545,Durham Museum
546,Durham Museum
547,Durham Museum
548,Durham Museum
549,Durham Museum
550,Durham Museum
551,Durham Museum
552,Durham Museum
553,Durham Museum
554,Durham Museum
555,Durham Museum
556,Durham Museum
557,Durham Museum
558,Durham Museum
559,Durham Museum
560,Egyptomania
561,Egyptomania
562,Egyptomania
563,Egyptomania
564,Egyptomania
565,Egyptomania
566,Egyptomania
567,Egyptomania
568,Egyptomania
569,Egyptomania
570,Egyptomania
571,Egyptomania
572,Egyptomania
573,Egyptomania
574,Egyptomania
575,Egyptomania
576,Egyptomania
577,Egyptomania
578,Egyptomania
579,Egyptomania
580,Emigration from the United States
581,Emigration from the United States
582,Emigration from the United States
583,Emigration from the United States
584,Emigration from the United States
585,Emigration from the United States
586,Emigration from the United States
587,Emigration from the United States
588,Emigration from the United States
589,Emigration from the United States
590,Emigration from the United States
591,Emigration from the United States
592,Emigration from the United States
593,Emigration from the United States
594,Emigration from the United States
595,Emigration from the United States
596,Emigration from the United States
597,Emigration from the United States
598,Emigration from the United States
599,Emigration from the United States
600,Entertainment during the Great Depression
601,Entertainment during the Great Depression
602,Entertainment during the Great Depression
603,Entertainment during the Great Depression
604,Entertainment during the Great Depression
605,Entertainment during the Great Depression
606,Entertainment during the Great Depression
607,Entertainment during the Great Depression
608,Entertainment during the Great Depression
609,Entertainment during the Great Depression
610,Entertainment during the Great Depression
611,Entertainment during the Great Depression
612,Entertainment during the Great Depression
613,Entertainment during the Great Depression
614,Entertainment during the Great Depression
615,Entertainment during the Great Depression
616,Entertainment during the Great Depression
617,Entertainment during the Great Depression
618,Entertainment during the Great Depression
619,Entertainment during the Great Depression
620,"The Evolution of the Conservation Movement, 1850–1920"
621,"The Evolution of the Conservation Movement, 1850–1921"
622,"The Evolution of the Conservation Movement, 1850–1922"
623,"The Evolution of the Conservation Movement, 1850–1923"
624,"The Evolution of the Conservation Movement, 1850–1924"
625,"The Evolution of the Conservation Movement, 1850–1925"
626,"The Evolution of the Conservation Movement, 1850–1926"
627,"The Evolution of the Conservation Movement, 1850–1927"
628,"The Evolution of the Conservation Movement, 1850–1928"
629,"The Evolution of the Conservation Movement, 1850–1929"
630,"The Evolution of the Conservation Movement, 1850–1930"
631,"The Evolution of the Conservation Movement, 1850–1931"
632,"The Evolution of the Conservation Movement, 1850–1932"
633,"The Evolution of the Conservation Movement, 1850–1933"
634,"The Evolution of the Conservation Movement, 1850–1934"
635,"The Evolution of the Conservation Movement, 1850–1935"
636,"The Evolution of the Conservation Movement, 1850–1936"
637,"The Evolution of the Conservation Movement, 1850–1937"
638,"The Evolution of the Conservation Movement, 1850–1938"
639,"The Evolution of the Conservation Movement, 1850–1939"
640,Federal Art Project
641,Federal Art Project
642,Federal Art Project
643,Federal Art Project
644,Federal Art Project
645,Federal Art Project
646,Federal Art Project
647,Federal Art Project
648,Federal Art Project
649,Federal Art Project
650,Federal Art Project
651,Federal Art Project
652,Federal Art Project
653,Federal Art Project
654,Federal Art Project
655,Federal Art Project
656,Federal Art Project
657,Federal Art Project
658,Federal Art Project
659,Federal Art Project
660,Federal Theatre Project
661,Federal Theatre Project
662,Federal Theatre Project
663,Federal Theatre Project
664,Federal Theatre Project
665,Federal Theatre Project
666,Federal Theatre Project
667,Federal Theatre Project
668,Federal Theatre Project
669,Federal Theatre Project
670,Federal Theatre Project
671,Federal Theatre Project
672,Federal Theatre Project
673,Federal Theatre Project
674,Federal Theatre Project
675,Federal Theatre Project
676,Federal Theatre Project
677,Federal Theatre Project
678,Federal Theatre Project
679,Federal Theatre Project
680,History of fountains in the United States
681,History of fountains in the United States
682,History of fountains in the United States
683,History of fountains in the United States
684,History of fountains in the United States
685,History of fountains in the United States
686,History of fountains in the United States
687,History of fountains in the United States
688,History of fountains in the United States
689,History of fountains in the United States
690,History of fountains in the United States
691,History of fountains in the United States
692,History of fountains in the United States
693,History of fountains in the United States
694,History of fountains in the United States
695,History of fountains in the United States
696,History of fountains in the United States
697,History of fountains in the United States
698,History of fountains in the United States
699,History of fountains in the United States
700,George Junior Republic
701,George Junior Republic
702,George Junior Republic
703,George Junior Republic
704,George Junior Republic
705,George Junior Republic
706,George Junior Republic
707,George Junior Republic
708,George Junior Republic
709,George Junior Republic
710,George Junior Republic
711,George Junior Republic
712,George Junior Republic
713,George Junior Republic
714,George Junior Republic
715,George Junior Republic
716,George Junior Republic
717,George Junior Republic
718,George Junior Republic
719,George Junior Republic
720,Historical Records Survey
721,Historical Records Survey
722,Historical Records Survey
723,Historical Records Survey
724,Historical Records Survey
725,Historical Records Survey
726,Historical Records Survey
727,Historical Records Survey
728,Historical Records Survey
729,Historical Records Survey
730,Historical Records Survey
731,Historical Records Survey
732,Historical Records Survey
733,Historical Records Survey
734,Historical Records Survey
735,Historical Records Survey
736,Historical Records Survey
737,Historical Records Survey
738,Historical Records Survey
739,Historical Records Survey
740,History of commercial tobacco in the United States
741,History of commercial tobacco in the United States
742,History of commercial tobacco in the United States
743,History of commercial tobacco in the United States
744,History of commercial tobacco in the United States
745,History of commercial tobacco in the United States
746,History of commercial tobacco in the United States
747,History of commercial tobacco in the United States
748,History of commercial tobacco in the United States
749,History of commercial tobacco in the United States
750,History of commercial tobacco in the United States
751,History of commercial tobacco in the United States
752,History of commercial tobacco in the United States
753,History of commercial tobacco in the United States
754,History of commercial tobacco in the United States
755,History of commercial tobacco in the United States
756,History of commercial tobacco in the United States
757,History of commercial tobacco in the United States
758,History of commercial tobacco in the United States
759,History of commercial tobacco in the United States
760,History of education in the United States
761,History of education in the United States
762,History of education in the United States
763,History of education in the United States
764,History of education in the United States
765,History of education in the United States
766,History of education in the United States
767,History of education in the United States
768,History of education in the United States
769,History of education in the United States
770,History of education in the United States
771,History of education in the United States
772,History of education in the United States
773,History of education in the United States
774,History of education in the United States
775,History of education in the United States
776,History of education in the United States
777,History of education in the United States
778,History of education in the United States
779,History of education in the United States
780,History of removal of leg and underarm hair in the United States
781,History of removal of leg and underarm hair in the United States
782,History of removal of leg and underarm hair in the United States
783,History of removal of leg and underarm hair in the United States
784,History of removal of leg and underarm hair in the United States
785,History of removal of leg and underarm hair in the United States
786,History of removal of leg and underarm hair in the United States
787,History of removal of leg and underarm hair in the United States
788,History of removal of leg and underarm hair in the United States
789,History of removal of leg and underarm hair in the United States
790,History of removal of leg and underarm hair in the United States
791,History of removal of leg and underarm hair in the United States
792,History of removal of leg and underarm hair in the United States
793,History of removal of leg and underarm hair in the United States
794,History of removal of leg and underarm hair in the United States
795,History of removal of leg and underarm hair in the United States
796,History of removal of leg and underarm hair in the United States
797,History of removal of leg and underarm hair in the United States
798,History of removal of leg and underarm hair in the United States
799,History of removal of leg and underarm hair in the United States
800,History of the hamburger in the United States
801,History of the hamburger in the United States
802,History of the hamburger in the United States
803,History of the hamburger in the United States
804,History of the hamburger in the United States
805,History of the hamburger in the United States
806,History of the hamburger in the United States
807,History of the hamburger in the United States
808,History of the hamburger in the United States
809,History of the hamburger in the United States
810,History of the hamburger in the United States
811,History of the hamburger in the United States
812,History of the hamburger in the United States
813,History of the hamburger in the United States
814,History of the hamburger in the United States
815,History of the hamburger in the United States
816,History of the hamburger in the United States
817,History of the hamburger in the United States
818,History of the hamburger in the United States
819,History of the hamburger in the United States
820,Hudson River School
821,Hudson River School
822,Hudson River School
823,Hudson River School
824,Hudson River School
825,Hudson River School
826,Hudson River School
827,Hudson River School
828,Hudson River School
829,Hudson River School
830,Hudson River School
831,Hudson River School
832,Hudson River School
833,Hudson River School
834,Hudson River School
835,Hudson River School
836,Hudson River School
837,Hudson River School
838,Hudson River School
839,Hudson River School
840,Independents (artist group)
841,Independents (artist group)
842,Independents (artist group)
843,Independents (artist group)
844,Independents (artist group)
845,Independents (artist group)
846,Independents (artist group)
847,Independents (artist group)
848,Independents (artist group)
849,Independents (artist group)
850,Independents (artist group)
851,Independents (artist group)
852,Independents (artist group)
853,Independents (artist group)
854,Independents (artist group)
855,Late Modernism (book)
856,Late Modernism (book)
857,Late Modernism (book)
858,Late Modernism (book)
859,Late Modernism (book)
860,Late Modernism (book)
861,Late Modernism (book)
862,Late Modernism (book)
863,Late Modernism (book)
864,List of Hudson River School artists
865,List of Hudson River School artists
866,List of Hudson River School artists
867,List of Hudson River School artists
868,List of Hudson River School artists
869,List of Hudson River School artists
870,List of Hudson River School artists
871,List of Hudson River School artists
872,List of Hudson River School artists
873,List of Hudson River School artists
874,List of Hudson River School artists
875,List of Hudson River School artists
876,List of Hudson River School artists
877,List of Hudson River School artists
878,List of Hudson River School artists
879,List of Hudson River School artists
880,List of Hudson River School artists
881,List of Hudson River School artists
882,List of Hudson River School artists
883,List of Hudson River School artists
884,Living Newspaper
885,Living Newspaper
886,Living Newspaper
887,Living Newspaper
888,Living Newspaper
889,Living Newspaper
890,Living Newspaper
891,Living Newspaper
892,Living Newspaper
893,Living Newspaper
894,Living Newspaper
895,Living Newspaper
896,Living Newspaper
897,Living Newspaper
898,Living Newspaper
899,Living Newspaper
900,Living Newspaper
901,Living Newspaper
902,Living Newspaper
903,Living Newspaper
904,Military brat (U.S. subculture)
905,Military brat (U.S. subculture)
906,Military brat (U.S. subculture)
907,Military brat (U.S. subculture)
908,Military brat (U.S. subculture)
909,Military brat (U.S. subculture)
910,Military brat (U.S. subculture)
911,Military brat (U.S. subculture)
912,Military brat (U.S. subculture)
913,Military brat (U.S. subculture)
914,Military brat (U.S. subculture)
915,Military brat (U.S. subculture)
916,Military brat (U.S. subculture)
917,Military brat (U.S. subculture)
918,Military brat (U.S. subculture)
919,Military brat (U.S. subculture)
920,Military brat (U.S. subculture)
921,Military brat (U.S. subculture)
922,Military brat (U.S. subculture)
923,Military brat (U.S. subculture)
924,New England Puritan culture and recreation
925,New England Puritan culture and recreation
926,New England Puritan culture and recreation
927,New England Puritan culture and recreation
928,New England Puritan culture and recreation
929,New England Puritan culture and recreation
930,New England Puritan culture and recreation
931,New England Puritan culture and recreation
932,New England Puritan culture and recreation
933,New England Puritan culture and recreation
934,New England Puritan culture and recreation
935,New England Puritan culture and recreation
936,New England Puritan culture and recreation
937,New England Puritan culture and recreation
938,New England Puritan culture and recreation
939,New England Puritan culture and recreation
940,New England Puritan culture and recreation
941,New England Puritan culture and recreation
942,New England Puritan culture and recreation
943,New England Puritan culture and recreation
944,New Rochelle Art Association
945,New Rochelle Art Association
946,New Rochelle Art Association
947,New Rochelle Art Association
948,New Rochelle Art Association
949,New Rochelle Art Association
950,New Rochelle Art Association
951,New Rochelle Art Association
952,New Rochelle Art Association
953,New Rochelle Art Association
954,New Rochelle Art Association
955,New Rochelle Art Association
956,New Rochelle Art Association
957,New Rochelle Art Association
958,New Rochelle Art Association
959,New Rochelle Art Association
960,New Rochelle Art Association
961,New Rochelle Art Association
962,New Rochelle Art Association
963,New Rochelle Art Association
964,New Rochelle artist colony
965,New Rochelle artist colony
966,New Rochelle artist colony
967,New Rochelle artist colony
968,New Rochelle artist colony
969,New Rochelle artist colony
970,New Rochelle artist colony
971,New Rochelle artist colony
972,New Rochelle artist colony
973,New Rochelle artist colony
974,New Rochelle artist colony
975,New Rochelle artist colony
976,New Rochelle artist colony
977,New Rochelle artist colony
978,New Rochelle artist colony
979,New Rochelle artist colony
980,New Rochelle artist colony
981,New Rochelle artist colony
982,Old Lyme art colony
983,Old Lyme art colony
984,Old Lyme art colony
985,Old Lyme art colony
986,Old Lyme art colony
987,Old Lyme art colony
988,Old Lyme art colony
989,Old Lyme art colony
990,Old Lyme art colony
991,Old Lyme art colony
992,Old Lyme art colony
993,Old Lyme art colony
994,Old Lyme art colony
995,Old Lyme art colony
996,Photo-Secession
997,Photo-Secession
998,Photo-Secession
999,Photo-Secession
1000,Photo-Secession
1001,Photo-Secession
1002,Photo-Secession
1003,Photo-Secession
1004,Photo-Secession
1005,Photo-Secession
1006,Photo-Secession
1007,Photo-Secession
1008,Photo-Secession
1009,Photo-Secession
1010,Photo-Secession
1011,Photo-Secession
1012,Photo-Secession
1013,Photo-Secession
1014,Photo-Secession
1015,Photo-Secession
1016,Shaker Village Work Group
1017,Shaker Village Work Group
1018,Shaker Village Work Group
1019,Shaker Village Work Group
1020,Shaker Village Work Group
1021,Shaker Village Work Group
1022,Shaker Village Work Group
1023,Shaker Village Work Group
1024,Shaker Village Work Group
1025,Shaker Village Work Group
1026,Shaker Village Work Group
1027,Shaker Village Work Group
1028,Shaker Village Work Group
1029,Shaker Village Work Group
1030,Shaker Village Work Group
1031,Shaker Village Work Group
1032,Shaker Village Work Group
1033,Shaker Village Work Group
1034,Shaker Village Work Group
1035,Shaker Village Work Group
1036,Slave narrative
1037,Slave narrative
1038,Slave narrative
1039,Slave narrative
1040,Slave narrative
1041,Slave narrative
1042,Slave narrative
1043,Slave narrative
1044,Slave narrative
1045,Slave narrative
1046,Slave narrative
1047,Slave narrative
1048,Slave narrative
1049,Slave narrative
1050,Slave narrative
1051,Slave narrative
1052,Slave narrative
1053,Slave narrative
1054,Slave narrative
1055,Slave narrative
1056,Slavery in the United States
1057,Slavery in the United States
1058,Slavery in the United States
1059,Slavery in the United States
1060,Slavery in the United States
1061,Slavery in the United States
1062,Slavery in the United States
1063,Slavery in the United States
1064,Slavery in the United States
1065,Slavery in the United States
1066,Slavery in the United States
1067,Slavery in the United States
1068,Slavery in the United States
1069,Slavery in the United States
1070,Slavery in the United States
1071,Slavery in the United States
1072,Slavery in the United States
1073,Slavery in the United States
1074,Slavery in the United States
1075,Slavery in the United States
1076,Soda jerk
1077,Soda jerk
1078,Soda jerk
1079,Soda jerk
1080,Soda jerk
1081,Soda jerk
1082,Soda jerk
1083,Soda jerk
1084,Soda jerk
1085,Soda jerk
1086,Soda jerk
1087,Soda jerk
1088,Soda jerk
1089,Soda jerk
1090,Soda jerk
1091,Soda jerk
1092,Soda jerk
1093,Soda jerk
1094,Soda jerk
1095,Soda jerk
1096,Southern Renaissance
1097,Southern Renaissance
1098,Southern Renaissance
1099,Southern Renaissance
1100,Southern Renaissance
1101,Southern Renaissance
1102,Southern Renaissance
1103,Southern Renaissance
1104,Southern Renaissance
1105,Southern Renaissance
1106,Southern Renaissance
1107,Southern Renaissance
1108,Southern Renaissance
1109,Southern Renaissance
1110,Southern Renaissance
1111,Southern Renaissance
1112,Southern Renaissance
1113,Southern Renaissance
1114,Southern Renaissance
1115,Southern Renaissance
1116,Tall Betsy
1117,Tall Betsy
1118,Tall Betsy
1119,Tall Betsy
1120,Tall Betsy
1121,Tall Betsy
1122,Tall Betsy
1123,Tall Betsy
1124,Tall Betsy
1125,Tall Betsy
1126,Tall Betsy
1127,Tall Betsy
1128,Tall Betsy
1129,Tall Betsy
1130,Tall Betsy
1131,Tall Betsy
1132,Tall Betsy
1133,Tall Betsy
1134,Tall Betsy
1135,Tall Betsy
1136,Ten American Painters
1137,Ten American Painters
1138,Ten American Painters
1139,Ten American Painters
1140,Ten American Painters
1141,Ten American Painters
1142,Ten American Painters
1143,Ten American Painters
1144,Ten American Painters
1145,Ten American Painters
1146,Ten American Painters
1147,Ten American Painters
1148,Ten American Painters
1149,Ten American Painters
1150,Ten American Painters
1151,Ten American Painters
1152,Ten American Painters
1153,Ten American Painters
1154,Ten American Painters
1155,Ten American Painters
1156,Treatment of the enslaved in the United States
1157,Treatment of the enslaved in the United States
1158,Treatment of the enslaved in the United States
1159,Treatment of the enslaved in the United States
1160,Treatment of the enslaved in the United States
1161,Treatment of the enslaved in the United States
1162,Treatment of the enslaved in the United States
1163,Treatment of the enslaved in the United States
1164,Treatment of the enslaved in the United States
1165,Treatment of the enslaved in the United States
1166,Treatment of the enslaved in the United States
1167,Treatment of the enslaved in the United States
1168,Treatment of the enslaved in the United States
1169,Treatment of the enslaved in the United States
1170,Treatment of the enslaved in the United States
1171,Treatment of the enslaved in the United States
1172,Treatment of the enslaved in the United States
1173,Treatment of the enslaved in the United States
1174,Treatment of the enslaved in the United States
1175,Treatment of the enslaved in the United States
1176,Visual Artists Rights Act
1177,Visual Artists Rights Act
1178,Visual Artists Rights Act
1179,Visual Artists Rights Act
1180,Visual Artists Rights Act
1181,Visual Artists Rights Act
1182,Visual Artists Rights Act
1183,Visual Artists Rights Act
1184,Visual Artists Rights Act
1185,Visual Artists Rights Act
1186,Visual Artists Rights Act
1187,Visual Artists Rights Act
1188,Visual Artists Rights Act
1189,Visual Artists Rights Act
1190,Visual Artists Rights Act
1191,Visual Artists Rights Act
1192,Visual Artists Rights Act
1193,Visual Artists Rights Act
1194,Visual Artists Rights Act
1195,Visual Artists Rights Act
1196,Washington Color School
1197,Washington Color School
1198,Washington Color School
1199,Washington Color School
1200,Washington Color School
1201,Washington Color School
1202,Washington Color School
1203,Washington Color School
1204,Washington Color School
1205,Washington Color School
1206,Washington Color School
1207,Washington Color School
1208,Washington Color School
1209,Washington Color School
1210,Washington Color School
1211,Washington Color School
1212,Washington Color School
1213,Washington Color School
1214,Washington Color School
1215,Washington Color School
1216,Western use of the swastika in the early 20th century
1217,Western use of the swastika in the early 20th century
1218,Western use of the swastika in the early 20th century
1219,Western use of the swastika in the early 20th century
1220,Western use of the swastika in the early 20th century
1221,Western use of the swastika in the early 20th century
1222,Western use of the swastika in the early 20th century
1223,Western use of the swastika in the early 20th century
1224,Western use of the swastika in the early 20th century
1225,Western use of the swastika in the early 20th century
1226,Western use of the swastika in the early 20th century
1227,Western use of the swastika in the early 20th century
1228,Western use of the swastika in the early 20th century
1229,Western use of the swastika in the early 20th century
1230,Western use of the swastika in the early 20th century
1231,Western use of the swastika in the early 20th century
1232,Western use of the swastika in the early 20th century
1233,Western use of the swastika in the early 20th century
1234,Western use of the swastika in the early 20th century
1235,Western use of the swastika in the early 20th century
1236,White Mountain art
1237,White Mountain art
1238,White Mountain art
1239,White Mountain art
1240,White Mountain art
1241,White Mountain art
1242,White Mountain art
1243,White Mountain art
1244,White Mountain art
1245,White Mountain art
1246,White Mountain art
1247,White Mountain art
1248,White Mountain art
1249,White Mountain art
1250,White Mountain art
1251,White Mountain art
1252,White Mountain art
1253,White Mountain art
1254,White Mountain art
1255,White Mountain art
1256,History of World Championship Wrestling
1257,History of World Championship Wrestling
1258,History of World Championship Wrestling
1259,History of World Championship Wrestling
1260,History of World Championship Wrestling
1261,History of World Championship Wrestling
1262,History of World Championship Wrestling
1263,History of World Championship Wrestling
1264,History of World Championship Wrestling
1265,History of World Championship Wrestling
1266,History of World Championship Wrestling
1267,History of World Championship Wrestling
1268,History of World Championship Wrestling
1269,History of World Championship Wrestling
1270,History of World Championship Wrestling
1271,History of World Championship Wrestling
1272,History of World Championship Wrestling
1273,History of World Championship Wrestling
1274,History of World Championship Wrestling
1275,History of World Championship Wrestling
1276,History of WWE
1277,History of WWE
1278,History of WWE
1279,History of WWE
1280,History of WWE
1281,History of WWE
1282,History of WWE
1283,History of WWE
1284,History of WWE
1285,History of WWE
1286,History of WWE
1287,History of WWE
1288,History of WWE
1289,History of WWE
1290,History of WWE
1291,History of WWE
1292,History of WWE
1293,History of WWE
1294,History of WWE
1295,History of WWE
1296,Young America movement
1297,Young America movement
1298,Young America movement
1299,Young America movement
1300,Young America movement
1301,Young America movement
1302,Young America movement
1303,Young America movement
1304,Young America movement
1305,Young America movement
1306,Young America movement
1307,Young America movement
1308,Young America movement
1309,Young America movement
1310,Young America movement
1311,Young America movement
1312,Young America movement
1313,Young America movement
1314,Young America movement
1315,Young America movement
